{
  "selected_model": "logreg_undersample",
  "selection_strategy": "highest recall, tie-break by average_precision",
  "results": [
    {
      "name": "rf_smote",
      "average_precision": 0.02241333737114107,
      "recall": 0.4146341463414634,
      "precision": 0.006495160468670403,
      "f1": 0.012789968652037617
    },
    {
      "name": "logreg_undersample",
      "average_precision": 0.0029766660195528483,
      "recall": 0.5447154471544715,
      "precision": 0.0020557822711791598,
      "f1": 0.004096105642844042
    },
    {
      "name": "logreg_smote",
      "average_precision": 0.002916923247450136,
      "recall": 0.3983739837398374,
      "precision": 0.0025135939263363086,
      "f1": 0.004995667023500025
    },
    {
      "name": "logreg_baseline",
      "average_precision": 0.0028835023871850826,
      "recall": 0.3902439024390244,
      "precision": 0.0027696036004846805,
      "f1": 0.005500171880371262
    }
  ]
}