{
  "selected_model": "rf_smote",
  "selection_strategy": "highest recall, tie-break by average_precision",
  "results": [
    {
      "name": "rf_smote",
      "average_precision": 0.5075948375784506,
      "recall": 0.8666666666666667,
      "precision": 0.040123456790123455,
      "f1": 0.07669616519174041
    },
    {
      "name": "logreg_baseline",
      "average_precision": 0.4611291563560914,
      "recall": 0.8,
      "precision": 0.029556650246305417,
      "f1": 0.057007125890736345
    },
    {
      "name": "logreg_smote",
      "average_precision": 0.4569098085583963,
      "recall": 0.8,
      "precision": 0.029850746268656716,
      "f1": 0.05755395683453238
    },
    {
      "name": "logreg_undersample",
      "average_precision": 0.4518815895850711,
      "recall": 0.8,
      "precision": 0.03225806451612903,
      "f1": 0.06201550387596899
    }
  ]
}